clip_id,split,video_path,prompt_id,prompt,traj_path,traj_frames,traj_source_frames,cam_path_len,cam_net_disp,cam_band,align_factor,camera_scale,source,caption_short,caption_long
000000000001.5.002,miradata,E:\bench\packed\miradata\000000000001.5.002,caption,"A warrior walks through a rustic village at sunset, surrounded by wooden huts and lush greenery.",E:\bench\packed\miradata_traj\000000000001.5.002.npy,24,129,0.090839,0.088375,low,26.17832374572754,6.361528672646866,RealCam-Vid/train:MiraData9K/000000000/000000000001.5.002.mp4,"A warrior walks through a rustic village at sunset, surrounded by wooden huts and lush greenery.","A character clad in medieval armor, wielding a bow and quiver, stands at the threshold of a thatched-roof village, surrounded by lush greenery and wooden structures under a sky painted with the soft hues of dawn or dusk. the scene is tranquil, with another figure visible in the distance, adding life to the serene setting. as time progresses, the character, now in blue and grey armor, walks along a dirt path towards the village, the sky transitioning from soft purples to warm oranges, suggesting the time is either dawn or dusk. the peaceful rural life is highlighted by the absence of modern technology and the presence of wildflowers."
000000000001.5.002,miradata,E:\bench\packed\miradata\000000000001.5.002,subject,"A bear walks through a quiet hamlet at dusk, surrounded by stone cottages and flowering shrubs.",E:\bench\packed\miradata_traj\000000000001.5.002.npy,24,129,0.090839,0.088375,low,26.17832374572754,6.361528672646866,RealCam-Vid/train:MiraData9K/000000000/000000000001.5.002.mp4,"A warrior walks through a rustic village at sunset, surrounded by wooden huts and lush greenery.","A character clad in medieval armor, wielding a bow and quiver, stands at the threshold of a thatched-roof village, surrounded by lush greenery and wooden structures under a sky painted with the soft hues of dawn or dusk. the scene is tranquil, with another figure visible in the distance, adding life to the serene setting. as time progresses, the character, now in blue and grey armor, walks along a dirt path towards the village, the sky transitioning from soft purples to warm oranges, suggesting the time is either dawn or dusk. the peaceful rural life is highlighted by the absence of modern technology and the presence of wildflowers."
000000000035.1.003,miradata,E:\bench\packed\miradata\000000000035.1.003,caption,"A red sports car speeds through a scenic cityscape, navigating sharp turns and winding roads.",E:\bench\packed\miradata_traj\000000000035.1.003.npy,24,129,0.41115,0.306349,high,33.39863204956055,33.02636478417893,RealCam-Vid/train:MiraData9K/000000000/000000000035.1.003.mp4,"A red sports car speeds through a scenic cityscape, navigating sharp turns and winding roads.","A red sports car with a classic design races on a winding road, its tires spinning in motion against a backdrop of a modern building and a clear blue sky, suggesting an urban setting. two seconds later, the same car, now identified as a red corvette with a 'v' emblem, leads a black sedan and another car on a hillside road, with a city skyline in the distance under a clear blue sky, indicating a high-speed race within a video game environment."
000000000035.1.003,miradata,E:\bench\packed\miradata\000000000035.1.003,subject,"A rusty pickup truck speeds through a coastal cityscape, navigating gentle curves and sloping streets.",E:\bench\packed\miradata_traj\000000000035.1.003.npy,24,129,0.41115,0.306349,high,33.39863204956055,33.02636478417893,RealCam-Vid/train:MiraData9K/000000000/000000000035.1.003.mp4,"A red sports car speeds through a scenic cityscape, navigating sharp turns and winding roads.","A red sports car with a classic design races on a winding road, its tires spinning in motion against a backdrop of a modern building and a clear blue sky, suggesting an urban setting. two seconds later, the same car, now identified as a red corvette with a 'v' emblem, leads a black sedan and another car on a hillside road, with a city skyline in the distance under a clear blue sky, indicating a high-speed race within a video game environment."
000000000064.3.002,miradata,E:\bench\packed\miradata\000000000064.3.002,caption,"A warrior in armor walks through a serene village by a river, surrounded by lush greenery and rustic buildings.",E:\bench\packed\miradata_traj\000000000064.3.002.npy,24,129,0.130796,0.12841,mid,31.23827743530273,13.496390220624804,RealCam-Vid/train:MiraData9K/000000000/000000000064.3.002.mp4,"A warrior in armor walks through a serene village by a river, surrounded by lush greenery and rustic buildings.","A character from 'the witcher 3' stands on a dirt path in a serene, rural landscape, dressed in white hair and yellow eyes, with two swords on their back. the environment features lush greenery, a wooden bridge over a river, and a windmill, under a soft blue sky. the scene shifts slightly as the character, now in white hair and yellow eyes, walks along a sandy path towards a rustic wooden house by the water, surrounded by greenery and a windmill, under a clear sky. the atmosphere is peaceful, with soft lighting suggesting early morning or late afternoon."
000000000064.3.002,miradata,E:\bench\packed\miradata\000000000064.3.002,subject,"A bear in armor walks through a peaceful riverside village, surrounded by willow trees and timber cottages.",E:\bench\packed\miradata_traj\000000000064.3.002.npy,24,129,0.130796,0.12841,mid,31.23827743530273,13.496390220624804,RealCam-Vid/train:MiraData9K/000000000/000000000064.3.002.mp4,"A warrior in armor walks through a serene village by a river, surrounded by lush greenery and rustic buildings.","A character from 'the witcher 3' stands on a dirt path in a serene, rural landscape, dressed in white hair and yellow eyes, with two swords on their back. the environment features lush greenery, a wooden bridge over a river, and a windmill, under a soft blue sky. the scene shifts slightly as the character, now in white hair and yellow eyes, walks along a sandy path towards a rustic wooden house by the water, surrounded by greenery and a windmill, under a clear sky. the atmosphere is peaceful, with soft lighting suggesting early morning or late afternoon."
000000000100.0.003,miradata,E:\bench\packed\miradata\000000000100.0.003,caption,A sleek black sports car navigates through a vibrant cityscape with palm trees and modern buildings under a clear blue sky.,E:\bench\packed\miradata_traj\000000000100.0.003.npy,24,88,0.23064,0.20825,mid,38.96421432495117,24.979924770220535,RealCam-Vid/train:MiraData9K/000000000/000000000100.0.003.mp4,A sleek black sports car navigates through a vibrant cityscape with palm trees and modern buildings under a clear blue sky.,"A black sports car with a rear spoiler and a 'v' emblem is initially seen at an intersection in a vibrant, sunlit urban setting, surrounded by modern buildings, palm trees, and a red delivery truck, with a 'stop' sign on the road and a pedestrian crossing sign visible. two seconds later, the same car, now identified with a 'v12' engine and a 'california' license plate, is at a four-way stop on a steep hillside, facing the camera. the scene includes a white sedan, a red delivery truck, and a yellow taxi, set against a backdrop of modern buildings and lush greenery under a clear blue sky."
000000000100.0.003,miradata,E:\bench\packed\miradata\000000000100.0.003,subject,"A rugged black pickup truck navigates through a sunny waterfront district with cypress trees and glass buildings under a pale blue sky.",E:\bench\packed\miradata_traj\000000000100.0.003.npy,24,88,0.23064,0.20825,mid,38.96421432495117,24.979924770220535,RealCam-Vid/train:MiraData9K/000000000/000000000100.0.003.mp4,A sleek black sports car navigates through a vibrant cityscape with palm trees and modern buildings under a clear blue sky.,"A black sports car with a rear spoiler and a 'v' emblem is initially seen at an intersection in a vibrant, sunlit urban setting, surrounded by modern buildings, palm trees, and a red delivery truck, with a 'stop' sign on the road and a pedestrian crossing sign visible. two seconds later, the same car, now identified with a 'v12' engine and a 'california' license plate, is at a four-way stop on a steep hillside, facing the camera. the scene includes a white sedan, a red delivery truck, and a yellow taxi, set against a backdrop of modern buildings and lush greenery under a clear blue sky."
000000000119.5.007,miradata,E:\bench\packed\miradata\000000000119.5.007,caption,"A man in a blue robe walks through a grand, ornate greenhouse filled with lush plants and intricate architecture.",E:\bench\packed\miradata_traj\000000000119.5.007.npy,24,55,0.095451,0.078471,low,70.40498352050781,7.615747427950798,RealCam-Vid/train:MiraData9K/000000000/000000000119.5.007.mp4,"A man in a blue robe walks through a grand, ornate greenhouse filled with lush plants and intricate architecture.","A bald man in a dark blue robe with a golden emblem stands on a cobblestone pathway, facing an ornate glass-fronted building with art nouveau architectural elements, including a central atrium and decorative metalwork. the scene is set in a tranquil, possibly historical or fantasy environment, with a vibrant purple flowering tree adding color to the serene setting. two seconds later, the same man, now in a dark blue coat with a golden emblem, walks along a stone pathway within a victorian-style building, featuring large glass windows and intricate metalwork. the atmosphere is serene, highlighted by soft lighting and lush greenery."
000000000119.5.007,miradata,E:\bench\packed\miradata\000000000119.5.007,subject,"A bear in a blue robe walks through a spacious glass conservatory filled with ferns and arched ironwork.",E:\bench\packed\miradata_traj\000000000119.5.007.npy,24,55,0.095451,0.078471,low,70.40498352050781,7.615747427950798,RealCam-Vid/train:MiraData9K/000000000/000000000119.5.007.mp4,"A man in a blue robe walks through a grand, ornate greenhouse filled with lush plants and intricate architecture.","A bald man in a dark blue robe with a golden emblem stands on a cobblestone pathway, facing an ornate glass-fronted building with art nouveau architectural elements, including a central atrium and decorative metalwork. the scene is set in a tranquil, possibly historical or fantasy environment, with a vibrant purple flowering tree adding color to the serene setting. two seconds later, the same man, now in a dark blue coat with a golden emblem, walks along a stone pathway within a victorian-style building, featuring large glass windows and intricate metalwork. the atmosphere is serene, highlighted by soft lighting and lush greenery."
000000000130.0.015,miradata,E:\bench\packed\miradata\000000000130.0.015,caption,"A character runs through a futuristic, dimly lit corridor with industrial elements and glowing lights.",E:\bench\packed\miradata_traj\000000000130.0.015.npy,24,100,0.276448,0.243988,high,39.18521499633789,22.141709014244086,RealCam-Vid/train:MiraData9K/000000000/000000000130.0.015.mp4,"A character runs through a futuristic, dimly lit corridor with industrial elements and glowing lights.","A character in a white shirt and brown pants is seen running on a red and grey track within a futuristic setting, surrounded by industrial elements and a large circular structure, suggesting a high-tech environment. the scene is dynamic, with the character's movement emphasized by motion blur and the contrasting colors of the track and environment. two seconds later, the same character, now in a blue vest, continues their sprint on a red and grey track, with the industrial backdrop featuring metallic and glass structures, and a large circular window allowing natural light to enhance the scene's dynamic atmosphere."
000000000130.0.015,miradata,E:\bench\packed\miradata\000000000130.0.015,subject,"A bear runs through a futuristic, low-lit passage with metal pipes and glowing blue panels.",E:\bench\packed\miradata_traj\000000000130.0.015.npy,24,100,0.276448,0.243988,high,39.18521499633789,22.141709014244086,RealCam-Vid/train:MiraData9K/000000000/000000000130.0.015.mp4,"A character runs through a futuristic, dimly lit corridor with industrial elements and glowing lights.","A character in a white shirt and brown pants is seen running on a red and grey track within a futuristic setting, surrounded by industrial elements and a large circular structure, suggesting a high-tech environment. the scene is dynamic, with the character's movement emphasized by motion blur and the contrasting colors of the track and environment. two seconds later, the same character, now in a blue vest, continues their sprint on a red and grey track, with the industrial backdrop featuring metallic and glass structures, and a large circular window allowing natural light to enhance the scene's dynamic atmosphere."
000000000191.6.037,miradata,E:\bench\packed\miradata\000000000191.6.037,caption,"A man in a brown coat walks through a vibrant chinatown street, surrounded by colorful buildings and bustling activity.",E:\bench\packed\miradata_traj\000000000191.6.037.npy,24,103,0.138658,0.137511,mid,52.40309143066406,13.458839908047757,RealCam-Vid/train:MiraData9K/000000000/000000000191.6.037.mp4,"A man in a brown coat walks through a vibrant chinatown street, surrounded by colorful buildings and bustling activity.","A man in early 20th-century attire walks down a cobblestone street in a vibrant asian-inspired cityscape, characterized by red and green chinese architectural details, ornate columns, and traditional lanterns. the scene is set against a backdrop of modern vehicles and a clear blue sky, creating a contrast between historical and contemporary elements. as he continues, the environment remains consistent, with the man's journey down the street lined with traditional chinese architectural elements, red columns, and green accents, under a clear blue sky. the atmosphere is serene, with no other characters or vehicles present, emphasizing the man's solitary walk through this culturally rich setting."
000000000191.6.037,miradata,E:\bench\packed\miradata\000000000191.6.037,subject,"A bear in a brown coat walks through a lively chinatown lane, surrounded by red storefronts and market stalls.",E:\bench\packed\miradata_traj\000000000191.6.037.npy,24,103,0.138658,0.137511,mid,52.40309143066406,13.458839908047757,RealCam-Vid/train:MiraData9K/000000000/000000000191.6.037.mp4,"A man in a brown coat walks through a vibrant chinatown street, surrounded by colorful buildings and bustling activity.","A man in early 20th-century attire walks down a cobblestone street in a vibrant asian-inspired cityscape, characterized by red and green chinese architectural details, ornate columns, and traditional lanterns. the scene is set against a backdrop of modern vehicles and a clear blue sky, creating a contrast between historical and contemporary elements. as he continues, the environment remains consistent, with the man's journey down the street lined with traditional chinese architectural elements, red columns, and green accents, under a clear blue sky. the atmosphere is serene, with no other characters or vehicles present, emphasizing the man's solitary walk through this culturally rich setting."
000000000191.6.038,miradata,E:\bench\packed\miradata\000000000191.6.038,caption,"A man in a brown coat walks through a bustling, sunlit chinatown street with traditional architecture and pedestrians.",E:\bench\packed\miradata_traj\000000000191.6.038.npy,24,129,0.086329,0.085569,low,49.73305892944336,13.494279595768205,RealCam-Vid/train:MiraData9K/000000000/000000000191.6.038.mp4,"A man in a brown coat walks through a bustling, sunlit chinatown street with traditional architecture and pedestrians.","A man in early 20th-century attire stands on a cobblestone street in a virtual chinatown, looking towards an archway with red and gold decorations. the scene is set against a backdrop of traditional chinese architecture, including a pagoda-style roof and ornate columns, with a lone car parked to the side. the atmosphere is serene, under a clear blue sky. two seconds later, the man, now in a brown suit and flat cap, walks down the street, passing by a woman in a long dress and another man in a suit, all under the warm glow of sunlight, with a classic car parked to the side and a chinese gate in the background."
000000000191.6.038,miradata,E:\bench\packed\miradata\000000000191.6.038,subject,"A bear in a brown coat walks through a busy morning chinatown avenue with tiled roofs and cyclists.",E:\bench\packed\miradata_traj\000000000191.6.038.npy,24,129,0.086329,0.085569,low,49.73305892944336,13.494279595768205,RealCam-Vid/train:MiraData9K/000000000/000000000191.6.038.mp4,"A man in a brown coat walks through a bustling, sunlit chinatown street with traditional architecture and pedestrians.","A man in early 20th-century attire stands on a cobblestone street in a virtual chinatown, looking towards an archway with red and gold decorations. the scene is set against a backdrop of traditional chinese architecture, including a pagoda-style roof and ornate columns, with a lone car parked to the side. the atmosphere is serene, under a clear blue sky. two seconds later, the man, now in a brown suit and flat cap, walks down the street, passing by a woman in a long dress and another man in a suit, all under the warm glow of sunlight, with a classic car parked to the side and a chinese gate in the background."
000000000200.1.006,miradata,E:\bench\packed\miradata\000000000200.1.006,caption,"A character walks through a bustling medieval town, surrounded by carts and people, under a bright sky.",E:\bench\packed\miradata_traj\000000000200.1.006.npy,24,87,0.126722,0.121159,mid,48.71977996826172,11.970774737377896,RealCam-Vid/train:MiraData9K/000000000/000000000200.1.006.mp4,"A character walks through a bustling medieval town, surrounded by carts and people, under a bright sky.","A character in a white hooded outfit with blue accents and red markings on the back strides down a cobblestone street in a historical european town, surrounded by wooden barrels, a hay cart, and buildings with signs like 'fleurie' and 'agence'. the scene is set in the late 18th or early 19th century, with a clear sky overhead. two seconds later, the same character, now in a blue and white hooded outfit with red accents, stands poised with a hidden blade on the street, facing a wooden barrel cart. the atmosphere is tense, with worn buildings and scattered barrels, suggesting a setting of economic struggle or neglect."
000000000200.1.006,miradata,E:\bench\packed\miradata\000000000200.1.006,subject,"A bear walks through a busy medieval market, surrounded by wagons and merchants, under a pale sky.",E:\bench\packed\miradata_traj\000000000200.1.006.npy,24,87,0.126722,0.121159,mid,48.71977996826172,11.970774737377896,RealCam-Vid/train:MiraData9K/000000000/000000000200.1.006.mp4,"A character walks through a bustling medieval town, surrounded by carts and people, under a bright sky.","A character in a white hooded outfit with blue accents and red markings on the back strides down a cobblestone street in a historical european town, surrounded by wooden barrels, a hay cart, and buildings with signs like 'fleurie' and 'agence'. the scene is set in the late 18th or early 19th century, with a clear sky overhead. two seconds later, the same character, now in a blue and white hooded outfit with red accents, stands poised with a hidden blade on the street, facing a wooden barrel cart. the atmosphere is tense, with worn buildings and scattered barrels, suggesting a setting of economic struggle or neglect."
000000000201.1.008,miradata,E:\bench\packed\miradata\000000000201.1.008,caption,"A lone warrior in dark armor stands amidst the ruins of an ancient city, ready for battle.",E:\bench\packed\miradata_traj\000000000201.1.008.npy,24,77,0.053856,0.052836,low,58.65468597412109,4.706924367924395,RealCam-Vid/train:MiraData9K/000000000/000000000201.1.008.mp4,"A lone warrior in dark armor stands amidst the ruins of an ancient city, ready for battle.","A character clad in dark, medieval armor with golden accents stands atop a stone bridge, surveying a desolate landscape marked by ruins and a fortress-like structure under an overcast sky, creating a somber mood. the scene is still, with no other characters or creatures visible, emphasizing solitude. two seconds later, the same character, now with a long sword, stands on a desolate path amidst the ruins, with a fortress-like structure in the distance. the environment is barren, with dry grass and stone, and the overcast sky enhances the gloomy atmosphere."
000000000201.1.008,miradata,E:\bench\packed\miradata\000000000201.1.008,subject,"A lone bear in dark armor stands amid the remains of an old fortress, ready for a duel.",E:\bench\packed\miradata_traj\000000000201.1.008.npy,24,77,0.053856,0.052836,low,58.65468597412109,4.706924367924395,RealCam-Vid/train:MiraData9K/000000000/000000000201.1.008.mp4,"A lone warrior in dark armor stands amidst the ruins of an ancient city, ready for battle.","A character clad in dark, medieval armor with golden accents stands atop a stone bridge, surveying a desolate landscape marked by ruins and a fortress-like structure under an overcast sky, creating a somber mood. the scene is still, with no other characters or creatures visible, emphasizing solitude. two seconds later, the same character, now with a long sword, stands on a desolate path amidst the ruins, with a fortress-like structure in the distance. the environment is barren, with dry grass and stone, and the overcast sky enhances the gloomy atmosphere."
000000000217.0.006,miradata,E:\bench\packed\miradata\000000000217.0.006,caption,A sleek blue sports car drives through a sunny cityscape with palm trees and modern architecture.,E:\bench\packed\miradata_traj\000000000217.0.006.npy,24,129,0.270793,0.212216,mid,40.583961486816406,56.93470094018194,RealCam-Vid/train:MiraData9K/000000000/000000000217.0.006.mp4,A sleek blue sports car drives through a sunny cityscape with palm trees and modern architecture.,"A blue sports car with a black roof and rear spoiler is parked on a city street, facing away from the viewer, under a clear sky. the scene is set in a modern urban environment with palm trees, contemporary buildings, and a yellow traffic line, suggesting a warm climate and a setting that could be in a video game or simulation. two seconds later, the same car, now identified with a 'nyl 0675' license plate, remains parked on the street, surrounded by palm trees, modern buildings, and a yellow double-decker bus, under a clear blue sky, indicating a sunny day in a city that could be los angeles."
000000000217.0.006,miradata,E:\bench\packed\miradata\000000000217.0.006,subject,"A rugged blue pickup truck drives through a bright coastal district with cypress trees and contemporary towers.",E:\bench\packed\miradata_traj\000000000217.0.006.npy,24,129,0.270793,0.212216,mid,40.583961486816406,56.93470094018194,RealCam-Vid/train:MiraData9K/000000000/000000000217.0.006.mp4,A sleek blue sports car drives through a sunny cityscape with palm trees and modern architecture.,"A blue sports car with a black roof and rear spoiler is parked on a city street, facing away from the viewer, under a clear sky. the scene is set in a modern urban environment with palm trees, contemporary buildings, and a yellow traffic line, suggesting a warm climate and a setting that could be in a video game or simulation. two seconds later, the same car, now identified with a 'nyl 0675' license plate, remains parked on the street, surrounded by palm trees, modern buildings, and a yellow double-decker bus, under a clear blue sky, indicating a sunny day in a city that could be los angeles."
000000000221.7.011,miradata,E:\bench\packed\miradata\000000000221.7.011,caption,"A warrior with a shield and spear walks through an autumnal forest, surrounded by fallen leaves and ancient ruins.",E:\bench\packed\miradata_traj\000000000221.7.011.npy,24,50,0.301186,0.274577,high,51.74182891845703,14.997129975752367,RealCam-Vid/train:MiraData9K/000000000/000000000221.7.011.mp4,"A warrior with a shield and spear walks through an autumnal forest, surrounded by fallen leaves and ancient ruins.","Two characters in medieval attire are seen walking on a dirt path through a rocky, autumnal landscape with fallen leaves and sparse greenery. the character in the foreground is equipped with a spear and shield, while the other follows with a staff, both appearing ready for adventure. the scene is set against a backdrop of ancient stone ruins, suggesting a historical or fantasy setting. the atmosphere is one of quiet anticipation, with the characters' attire and the surrounding environment hinting at a narrative of exploration or reclamation."
000000000221.7.011,miradata,E:\bench\packed\miradata\000000000221.7.011,subject,"A bear with a round shield and sword walks through a late-autumn woodland, surrounded by fallen needles and ruined arches.",E:\bench\packed\miradata_traj\000000000221.7.011.npy,24,50,0.301186,0.274577,high,51.74182891845703,14.997129975752367,RealCam-Vid/train:MiraData9K/000000000/000000000221.7.011.mp4,"A warrior with a shield and spear walks through an autumnal forest, surrounded by fallen leaves and ancient ruins.","Two characters in medieval attire are seen walking on a dirt path through a rocky, autumnal landscape with fallen leaves and sparse greenery. the character in the foreground is equipped with a spear and shield, while the other follows with a staff, both appearing ready for adventure. the scene is set against a backdrop of ancient stone ruins, suggesting a historical or fantasy setting. the atmosphere is one of quiet anticipation, with the characters' attire and the surrounding environment hinting at a narrative of exploration or reclamation."
000000000222.4.003,miradata,E:\bench\packed\miradata\000000000222.4.003,caption,A character rides a horse through a cobblestone street lined with old buildings and debris under a cloudy sky.,E:\bench\packed\miradata_traj\000000000222.4.003.npy,24,129,0.098983,0.092808,low,53.034400939941406,13.602979693203272,RealCam-Vid/test:MiraData9K/000000000/000000000222.4.003.mp4,A character rides a horse through a cobblestone street lined with old buildings and debris under a cloudy sky.,"A lone rider in dark attire is seen atop a white horse, navigating a desolate street in a post-apocalyptic setting. the environment is marked by worn-out buildings, overgrown vegetation, and debris, under a gloomy sky. the scene is quiet, with no other people or vehicles, emphasizing solitude and desolation. as the rider continues, the surroundings remain consistent, featuring a mix of residential and commercial buildings, some with boarded-up windows and others with open doors, all under a somber sky. the presence of a red wheelbarrow and a wooden cart adds to the atmosphere of neglect and abandonment."
000000000222.4.003,miradata,E:\bench\packed\miradata\000000000222.4.003,subject,"A character rides a camel through a stone-paved lane lined with weathered houses and scattered crates under an overcast sky.",E:\bench\packed\miradata_traj\000000000222.4.003.npy,24,129,0.098983,0.092808,low,53.034400939941406,13.602979693203272,RealCam-Vid/test:MiraData9K/000000000/000000000222.4.003.mp4,A character rides a horse through a cobblestone street lined with old buildings and debris under a cloudy sky.,"A lone rider in dark attire is seen atop a white horse, navigating a desolate street in a post-apocalyptic setting. the environment is marked by worn-out buildings, overgrown vegetation, and debris, under a gloomy sky. the scene is quiet, with no other people or vehicles, emphasizing solitude and desolation. as the rider continues, the surroundings remain consistent, featuring a mix of residential and commercial buildings, some with boarded-up windows and others with open doors, all under a somber sky. the presence of a red wheelbarrow and a wooden cart adds to the atmosphere of neglect and abandonment."
000000000230.2.013,miradata,E:\bench\packed\miradata\000000000230.2.013,caption,A group of people on a safari jeep navigate through a scenic african landscape with rocky terrain and lush vegetation.,E:\bench\packed\miradata_traj\000000000230.2.013.npy,24,60,0.334634,0.32643,high,49.15871810913086,19.81152889465691,RealCam-Vid/train:MiraData9K/000000000/000000000230.2.013.mp4,A group of people on a safari jeep navigate through a scenic african landscape with rocky terrain and lush vegetation.,"Two characters are on an off-road adventure in a video game, initially seen driving a red and black jeep through a muddy riverbed in a savannah-like environment with acacia trees and rocky outcrops under a partly cloudy sky. the game's hud indicates a health bar, a radar, and a speedometer, with a navigation compass pointing northwest. later, the scene shifts to the characters navigating a red and white jeep through a muddy path in a rocky, sparse landscape, with a health bar at the top and a mini-map and inventory icons on the right, suggesting an interactive and adventurous gameplay experience."
000000000230.2.013,miradata,E:\bench\packed\miradata\000000000230.2.013,subject,"A group of people on a pickup truck navigate through an open african savanna with rocky trails and acacia shrubs.",E:\bench\packed\miradata_traj\000000000230.2.013.npy,24,60,0.334634,0.32643,high,49.15871810913086,19.81152889465691,RealCam-Vid/train:MiraData9K/000000000/000000000230.2.013.mp4,A group of people on a safari jeep navigate through a scenic african landscape with rocky terrain and lush vegetation.,"Two characters are on an off-road adventure in a video game, initially seen driving a red and black jeep through a muddy riverbed in a savannah-like environment with acacia trees and rocky outcrops under a partly cloudy sky. the game's hud indicates a health bar, a radar, and a speedometer, with a navigation compass pointing northwest. later, the scene shifts to the characters navigating a red and white jeep through a muddy path in a rocky, sparse landscape, with a health bar at the top and a mini-map and inventory icons on the right, suggesting an interactive and adventurous gameplay experience."
000000000252.1.018,miradata,E:\bench\packed\miradata\000000000252.1.018,caption,"A horse-drawn carriage travels through a cobblestone street at night, illuminated by streetlights and surrounded by historic buildings.",E:\bench\packed\miradata_traj\000000000252.1.018.npy,24,129,0.469391,0.467806,high,41.91246795654297,45.63085669859355,RealCam-Vid/train:MiraData9K/000000000/000000000252.1.018.mp4,"A horse-drawn carriage travels through a cobblestone street at night, illuminated by streetlights and surrounded by historic buildings.","A lone rider on horseback traverses a deserted, cobblestone street at night, surrounded by buildings with classic architectural details and a vintage streetcar, creating a scene of solitude and nostalgia. as the journey continues, the environment shifts slightly to a wet street, with the presence of a red and white sign and a yellow-lit building, maintaining the historical american south ambiance. the rider, dressed in western attire, rides a white horse, and the scene is enriched by the warm glow of street lamps and the red and yellow lights of a stationary train car, suggesting a narrative of travel or adventure in a bygone era."
000000000252.1.018,miradata,E:\bench\packed\miradata\000000000252.1.018,subject,"An ox-drawn cart travels along a brick lane at dusk, illuminated by lanterns and surrounded by old townhouses.",E:\bench\packed\miradata_traj\000000000252.1.018.npy,24,129,0.469391,0.467806,high,41.91246795654297,45.63085669859355,RealCam-Vid/train:MiraData9K/000000000/000000000252.1.018.mp4,"A horse-drawn carriage travels through a cobblestone street at night, illuminated by streetlights and surrounded by historic buildings.","A lone rider on horseback traverses a deserted, cobblestone street at night, surrounded by buildings with classic architectural details and a vintage streetcar, creating a scene of solitude and nostalgia. as the journey continues, the environment shifts slightly to a wet street, with the presence of a red and white sign and a yellow-lit building, maintaining the historical american south ambiance. the rider, dressed in western attire, rides a white horse, and the scene is enriched by the warm glow of street lamps and the red and yellow lights of a stationary train car, suggesting a narrative of travel or adventure in a bygone era."
000000000252.2.007,miradata,E:\bench\packed\miradata\000000000252.2.007,caption,"A lone rider on horseback traverses a lush green field under a partly cloudy sky, heading towards a distant campsite.",E:\bench\packed\miradata_traj\000000000252.2.007.npy,24,129,1.882381,1.846458,high,18.865867614746094,44.85035416766539,RealCam-Vid/train:MiraData9K/000000000/000000000252.2.007.mp4,"A lone rider on horseback traverses a lush green field under a partly cloudy sky, heading towards a distant campsite.","A character in medieval attire rides a white horse through a verdant landscape with yellow wildflowers and large rocks under a sky with soft clouds, suggesting a peaceful journey in a video game setting. the scene transitions to a similar landscape with lush greenery and yellow flowers, where the rider, now on a black horse, moves through a serene environment with a clear sky and distant mountains. the presence of a 'k' logo indicates the game's developer or publisher. the journey continues through a landscape with yellow flowers and greenery, under a sky with soft clouds, with a 'k' logo suggesting a connection to a gaming platform or service."
000000000252.2.007,miradata,E:\bench\packed\miradata\000000000252.2.007,subject,"A lone rider on a camel traverses a wildflower meadow under broken clouds, heading towards distant tents.",E:\bench\packed\miradata_traj\000000000252.2.007.npy,24,129,1.882381,1.846458,high,18.865867614746094,44.85035416766539,RealCam-Vid/train:MiraData9K/000000000/000000000252.2.007.mp4,"A lone rider on horseback traverses a lush green field under a partly cloudy sky, heading towards a distant campsite.","A character in medieval attire rides a white horse through a verdant landscape with yellow wildflowers and large rocks under a sky with soft clouds, suggesting a peaceful journey in a video game setting. the scene transitions to a similar landscape with lush greenery and yellow flowers, where the rider, now on a black horse, moves through a serene environment with a clear sky and distant mountains. the presence of a 'k' logo indicates the game's developer or publisher. the journey continues through a landscape with yellow flowers and greenery, under a sky with soft clouds, with a 'k' logo suggesting a connection to a gaming platform or service."
000000000256.3.010,miradata,E:\bench\packed\miradata\000000000256.3.010,caption,"A character runs through a bustling, historical cityscape with horse-drawn carriages and vintage architecture.",E:\bench\packed\miradata_traj\000000000256.3.010.npy,24,68,0.159405,0.145723,mid,78.88824462890625,15.867163815984851,RealCam-Vid/train:MiraData9K/000000000/000000000256.3.010.mp4,"A character runs through a bustling, historical cityscape with horse-drawn carriages and vintage architecture.","A man in a dark coat and hat sprints across a cobblestone street in a historical european city, with a horse-drawn carriage waiting nearby and a statue in the background under a clear blue sky. the scene is set in a vibrant urban environment with signs for 'baker's' and 'circus' indicating a lively community. two seconds later, the same man, now in victorian attire, stands in an empty street, his posture tense and alert, surrounded by buildings with ornate facades and a red shopfront, under a partly cloudy sky, suggesting a narrative of suspense or anticipation."
000000000256.3.010,miradata,E:\bench\packed\miradata\000000000256.3.010,subject,"A bear runs through a lively old-city square with ox-drawn carts and classical facades.",E:\bench\packed\miradata_traj\000000000256.3.010.npy,24,68,0.159405,0.145723,mid,78.88824462890625,15.867163815984851,RealCam-Vid/train:MiraData9K/000000000/000000000256.3.010.mp4,"A character runs through a bustling, historical cityscape with horse-drawn carriages and vintage architecture.","A man in a dark coat and hat sprints across a cobblestone street in a historical european city, with a horse-drawn carriage waiting nearby and a statue in the background under a clear blue sky. the scene is set in a vibrant urban environment with signs for 'baker's' and 'circus' indicating a lively community. two seconds later, the same man, now in victorian attire, stands in an empty street, his posture tense and alert, surrounded by buildings with ornate facades and a red shopfront, under a partly cloudy sky, suggesting a narrative of suspense or anticipation."
000000000265.2.005,miradata,E:\bench\packed\miradata\000000000265.2.005,caption,"A lone rider on horseback gazes at a serene geothermal pool amidst a rugged, volcanic landscape.",E:\bench\packed\miradata_traj\000000000265.2.005.npy,24,129,0.101431,0.09577,mid,25.399150848388672,3.0410764829718864,RealCam-Vid/train:MiraData9K/000000000/000000000265.2.005.mp4,"A lone rider on horseback gazes at a serene geothermal pool amidst a rugged, volcanic landscape.","A man in historical attire rides a horse through a rugged landscape featuring a geothermal hot spring and a geyser erupting in the background, under a partly cloudy sky. the scene is set in a natural environment with earthy tones and vibrant greenery, conveying a sense of adventure and solitude. as the man continues his journey, the landscape remains consistent, with the hot spring's vivid blue waters and the geyser's steam adding dynamism to the serene setting. the scenery suggests a late 19th-century american west, emphasizing the theme of adventure and the wild."
000000000265.2.005,miradata,E:\bench\packed\miradata\000000000265.2.005,subject,"A lone rider on a camel gazes at a steaming mineral pond amid a barren basalt landscape.",E:\bench\packed\miradata_traj\000000000265.2.005.npy,24,129,0.101431,0.09577,mid,25.399150848388672,3.0410764829718864,RealCam-Vid/train:MiraData9K/000000000/000000000265.2.005.mp4,"A lone rider on horseback gazes at a serene geothermal pool amidst a rugged, volcanic landscape.","A man in historical attire rides a horse through a rugged landscape featuring a geothermal hot spring and a geyser erupting in the background, under a partly cloudy sky. the scene is set in a natural environment with earthy tones and vibrant greenery, conveying a sense of adventure and solitude. as the man continues his journey, the landscape remains consistent, with the hot spring's vivid blue waters and the geyser's steam adding dynamism to the serene setting. the scenery suggests a late 19th-century american west, emphasizing the theme of adventure and the wild."
000000000265.4.002,miradata,E:\bench\packed\miradata\000000000265.4.002,caption,"A rider gallops through a lush forest, surrounded by tall trees and rocky terrain, under a bright sky.",E:\bench\packed\miradata_traj\000000000265.4.002.npy,24,129,0.261678,0.260117,mid,47.89840316772461,23.541215810372982,RealCam-Vid/train:MiraData9K/000000000/000000000265.4.002.mp4,"A rider gallops through a lush forest, surrounded by tall trees and rocky terrain, under a bright sky.","A character clad in medieval attire rides a horse along a narrow dirt path through a verdant forest, surrounded by towering pines and boulders, with a tranquil lake nestled among the trees in the distance. the scene is bathed in soft, natural light, creating a peaceful atmosphere. as the journey continues, the environment remains consistent, with the lush greenery and the reflective lake enhancing the serene setting. the rider's attire and the horse's coat suggest a historical or fantasy theme, and the overall atmosphere is one of tranquility and adventure."
000000000265.4.002,miradata,E:\bench\packed\miradata\000000000265.4.002,subject,"A camel rider gallops through a dense woodland, surrounded by pine trees and moss-covered stones, under a soft sky.",E:\bench\packed\miradata_traj\000000000265.4.002.npy,24,129,0.261678,0.260117,mid,47.89840316772461,23.541215810372982,RealCam-Vid/train:MiraData9K/000000000/000000000265.4.002.mp4,"A rider gallops through a lush forest, surrounded by tall trees and rocky terrain, under a bright sky.","A character clad in medieval attire rides a horse along a narrow dirt path through a verdant forest, surrounded by towering pines and boulders, with a tranquil lake nestled among the trees in the distance. the scene is bathed in soft, natural light, creating a peaceful atmosphere. as the journey continues, the environment remains consistent, with the lush greenery and the reflective lake enhancing the serene setting. the rider's attire and the horse's coat suggest a historical or fantasy theme, and the overall atmosphere is one of tranquility and adventure."
000000000284.0.006,miradata,E:\bench\packed\miradata\000000000284.0.006,caption,"A green vehicle drives along a dirt road through a scenic mountain landscape, guided by an on-screen navigation prompt.",E:\bench\packed\miradata_traj\000000000284.0.006.npy,24,129,0.214003,0.211138,mid,28.64908027648925,17.605492389673998,RealCam-Vid/train:MiraData9K/000000000/000000000284.0.006.mp4,"A green vehicle drives along a dirt road through a scenic mountain landscape, guided by an on-screen navigation prompt.","A green and black jeep is initially parked on a dirt road in a mountainous, forested landscape, with a navigation interface indicating a route to 'campsite 35' and a distance of 1.5 miles. the scene is set under a clear blue sky, suggesting a warm, sunny day. as time progresses, the jeep is seen driving on the same road, now with a navigation interface showing a route to 'campsite 88' and a distance of 2.7 miles, amidst a backdrop of lush greenery and towering mountains, under a bright sky with scattered clouds."
000000000284.0.006,miradata,E:\bench\packed\miradata\000000000284.0.006,subject,"A green tractor drives along a gravel road through an alpine valley, guided by a small map marker.",E:\bench\packed\miradata_traj\000000000284.0.006.npy,24,129,0.214003,0.211138,mid,28.64908027648925,17.605492389673998,RealCam-Vid/train:MiraData9K/000000000/000000000284.0.006.mp4,"A green vehicle drives along a dirt road through a scenic mountain landscape, guided by an on-screen navigation prompt.","A green and black jeep is initially parked on a dirt road in a mountainous, forested landscape, with a navigation interface indicating a route to 'campsite 35' and a distance of 1.5 miles. the scene is set under a clear blue sky, suggesting a warm, sunny day. as time progresses, the jeep is seen driving on the same road, now with a navigation interface showing a route to 'campsite 88' and a distance of 2.7 miles, amidst a backdrop of lush greenery and towering mountains, under a bright sky with scattered clouds."
000000000299.1.005,miradata,E:\bench\packed\miradata\000000000299.1.005,caption,"A sleek white sports car speeds through a futuristic cityscape, navigating tight turns and high-speed chases.",E:\bench\packed\miradata_traj\000000000299.1.005.npy,24,93,0.037962,0.032377,low,62.5650520324707,4.77764453948728,RealCam-Vid/train:MiraData9K/000000000/000000000299.1.005.mp4,"A sleek white sports car speeds through a futuristic cityscape, navigating tight turns and high-speed chases.","A white futuristic car with a sleek design and blue accents is seen hovering above a multi-tiered cityscape, featuring a mix of modern and traditional architecture, including skyscrapers and a bridge. the scene is set in a vibrant urban environment with greenery and digital billboards, suggesting a high-tech metropolis. two seconds later, the same white car, now with a black and red design, is shown in a high-speed chase on an elevated track, surrounded by a futuristic cityscape with skyscrapers, a bridge, and a river, under a clear blue sky. the atmosphere is dynamic, with motion blur and digital screens displaying information."
000000000299.1.005,miradata,E:\bench\packed\miradata\000000000299.1.005,subject,"A rugged white pickup truck speeds through a futuristic downtown, navigating curved ramps and a fast pursuit.",E:\bench\packed\miradata_traj\000000000299.1.005.npy,24,93,0.037962,0.032377,low,62.5650520324707,4.77764453948728,RealCam-Vid/train:MiraData9K/000000000/000000000299.1.005.mp4,"A sleek white sports car speeds through a futuristic cityscape, navigating tight turns and high-speed chases.","A white futuristic car with a sleek design and blue accents is seen hovering above a multi-tiered cityscape, featuring a mix of modern and traditional architecture, including skyscrapers and a bridge. the scene is set in a vibrant urban environment with greenery and digital billboards, suggesting a high-tech metropolis. two seconds later, the same white car, now with a black and red design, is shown in a high-speed chase on an elevated track, surrounded by a futuristic cityscape with skyscrapers, a bridge, and a river, under a clear blue sky. the atmosphere is dynamic, with motion blur and digital screens displaying information."
000000000362.2.005,miradata,E:\bench\packed\miradata\000000000362.2.005,caption,"A warrior in armor walks through a field of wildflowers, with a distant city and lighthouse in the background.",E:\bench\packed\miradata_traj\000000000362.2.005.npy,24,129,0.059111,0.058773,low,32.480079650878906,5.585383782553682,RealCam-Vid/train:MiraData9K/000000000/000000000362.2.005.mp4,"A warrior in armor walks through a field of wildflowers, with a distant city and lighthouse in the background.","A character clad in ancient egyptian warrior attire, including a brown leather shield and a spear, stands on a grassy path amidst a field of golden wheat and blue-purple flowers, with a lighthouse and classical architecture in the distance under a clear sky. the scene transitions to the character, now in full regalia, walking along a path towards an ancient cityscape, with the environment featuring golden grasses, blue-purple wildflowers, and palm trees under a bright sky. the character's journey through this serene yet vibrant setting suggests a narrative of adventure and discovery in a historical or fantasy setting."
000000000362.2.005,miradata,E:\bench\packed\miradata\000000000362.2.005,subject,"A bear in armor walks through a meadow of daisies, with a distant fortress and tower in the background.",E:\bench\packed\miradata_traj\000000000362.2.005.npy,24,129,0.059111,0.058773,low,32.480079650878906,5.585383782553682,RealCam-Vid/train:MiraData9K/000000000/000000000362.2.005.mp4,"A warrior in armor walks through a field of wildflowers, with a distant city and lighthouse in the background.","A character clad in ancient egyptian warrior attire, including a brown leather shield and a spear, stands on a grassy path amidst a field of golden wheat and blue-purple flowers, with a lighthouse and classical architecture in the distance under a clear sky. the scene transitions to the character, now in full regalia, walking along a path towards an ancient cityscape, with the environment featuring golden grasses, blue-purple wildflowers, and palm trees under a bright sky. the character's journey through this serene yet vibrant setting suggests a narrative of adventure and discovery in a historical or fantasy setting."
000000000370.1.009,miradata,E:\bench\packed\miradata\000000000370.1.009,caption,"A warrior and his son navigate a misty forest path, preparing for an unseen challenge ahead.",E:\bench\packed\miradata_traj\000000000370.1.009.npy,24,129,0.065809,0.065638,low,40.46526336669922,6.77074329845903,RealCam-Vid/train:MiraData9K/000000000/000000000370.1.009.mp4,"A warrior and his son navigate a misty forest path, preparing for an unseen challenge ahead.","A stoic warrior with a red beard and bald head, dressed in a black leather jacket with golden accents, stands on a rocky path in a misty, forested landscape, holding a bow and arrow. another figure is seen in the distance, adding to the scene's mystery. the environment is serene yet tense, with soft lighting enhancing the atmosphere. as time progresses, the warrior, now with a red and white tattoo on his back, continues to stand on the path, facing the other figure. the setting includes a wooden structure and a thatched roof, suggesting a narrative of adventure or conflict within a mystical, possibly nordic-inspired world."
000000000370.1.009,miradata,E:\bench\packed\miradata\000000000370.1.009,subject,"A bear and its cub navigate a foggy woodland trail, preparing for an unknown obstacle ahead.",E:\bench\packed\miradata_traj\000000000370.1.009.npy,24,129,0.065809,0.065638,low,40.46526336669922,6.77074329845903,RealCam-Vid/train:MiraData9K/000000000/000000000370.1.009.mp4,"A warrior and his son navigate a misty forest path, preparing for an unseen challenge ahead.","A stoic warrior with a red beard and bald head, dressed in a black leather jacket with golden accents, stands on a rocky path in a misty, forested landscape, holding a bow and arrow. another figure is seen in the distance, adding to the scene's mystery. the environment is serene yet tense, with soft lighting enhancing the atmosphere. as time progresses, the warrior, now with a red and white tattoo on his back, continues to stand on the path, facing the other figure. the setting includes a wooden structure and a thatched roof, suggesting a narrative of adventure or conflict within a mystical, possibly nordic-inspired world."
000000000391.0.016,miradata,E:\bench\packed\miradata\000000000391.0.016,caption,A man in a suit walks down a cobblestone street lined with vintage buildings and pedestrians under a clear blue sky.,E:\bench\packed\miradata_traj\000000000391.0.016.npy,24,75,0.067043,0.066331,low,39.25962448120117,4.367332548917991,RealCam-Vid/train:MiraData9K/000000000/000000000391.0.016.mp4,A man in a suit walks down a cobblestone street lined with vintage buildings and pedestrians under a clear blue sky.,"A man in a gray suit standing on a cobblestone street in an early 20th-century asian cityscape, with red and green buildings and a vintage car. the scene is set under a clear blue sky, and the man appears to be in a moment of quiet contemplation. two seconds later, the man is seen walking down the street, with the red and green facade of a building and a classic car parked to his left. pedestrians in period attire are scattered along the sidewalk, and the atmosphere is serene, with no modern technology visible."
000000000391.0.016,miradata,E:\bench\packed\miradata\000000000391.0.016,subject,"A bear in a suit walks down a brick-paved lane lined with old shops and cyclists under a pale sky.",E:\bench\packed\miradata_traj\000000000391.0.016.npy,24,75,0.067043,0.066331,low,39.25962448120117,4.367332548917991,RealCam-Vid/train:MiraData9K/000000000/000000000391.0.016.mp4,A man in a suit walks down a cobblestone street lined with vintage buildings and pedestrians under a clear blue sky.,"A man in a gray suit standing on a cobblestone street in an early 20th-century asian cityscape, with red and green buildings and a vintage car. the scene is set under a clear blue sky, and the man appears to be in a moment of quiet contemplation. two seconds later, the man is seen walking down the street, with the red and green facade of a building and a classic car parked to his left. pedestrians in period attire are scattered along the sidewalk, and the atmosphere is serene, with no modern technology visible."
000000000396.3.002,miradata,E:\bench\packed\miradata\000000000396.3.002,caption,A sleek silver sports car speeds along a dirt track surrounded by palm trees and mountains under a clear blue sky.,E:\bench\packed\miradata_traj\000000000396.3.002.npy,24,129,0.488182,0.47875,high,33.61860275268555,45.41468636315727,RealCam-Vid/train:MiraData9K/000000000/000000000396.3.002.mp4,A sleek silver sports car speeds along a dirt track surrounded by palm trees and mountains under a clear blue sky.,"A silver sports car with a rear spoiler and black rims is initially seen on a dirt road, surrounded by a sparse desert landscape with cacti and small buildings under a clear blue sky, with a mountain range in the distance. the car, identified as a toyota supra, is captured from a dynamic angle, suggesting motion. two seconds later, the same car, now with a 'toyota' license plate, is positioned on a dirt track, ready for a high-speed race. the track is bordered by safety barriers and adorned with fluttering flags, set against a backdrop of lush greenery and towering mountains under a partly cloudy sky."
000000000396.3.002,miradata,E:\bench\packed\miradata\000000000396.3.002,subject,"A rugged silver pickup truck speeds along a gravel track surrounded by coconut trees and hills under a bright hazy sky.",E:\bench\packed\miradata_traj\000000000396.3.002.npy,24,129,0.488182,0.47875,high,33.61860275268555,45.41468636315727,RealCam-Vid/train:MiraData9K/000000000/000000000396.3.002.mp4,A sleek silver sports car speeds along a dirt track surrounded by palm trees and mountains under a clear blue sky.,"A silver sports car with a rear spoiler and black rims is initially seen on a dirt road, surrounded by a sparse desert landscape with cacti and small buildings under a clear blue sky, with a mountain range in the distance. the car, identified as a toyota supra, is captured from a dynamic angle, suggesting motion. two seconds later, the same car, now with a 'toyota' license plate, is positioned on a dirt track, ready for a high-speed race. the track is bordered by safety barriers and adorned with fluttering flags, set against a backdrop of lush greenery and towering mountains under a partly cloudy sky."
000000000404.1.006,miradata,E:\bench\packed\miradata\000000000404.1.006,caption,"A character exits a yellow car and walks down a city street, passing modern buildings and greenery.",E:\bench\packed\miradata_traj\000000000404.1.006.npy,24,129,0.36683,0.321269,high,34.099029541015625,16.657477131049266,RealCam-Vid/train:MiraData9K/000000000/000000000404.1.006.mp4,"A character exits a yellow car and walks down a city street, passing modern buildings and greenery.","A yellow taxi with a '21' license plate is parked on a city street in a video game setting, surrounded by modern buildings and a green suv, with a tree and a bench nearby. two seconds later, the same taxi, now with a '217' license plate, is seen with its door open, revealing a passenger, against a backdrop of a green building and a city skyline under a clear blue sky. at the four-second mark, a character in a black shirt and green pants sprints towards the yellow taxi on an urban road, with a modern building and a pedestrian bridge in the background, under a clear sky."
000000000404.1.006,miradata,E:\bench\packed\miradata\000000000404.1.006,subject,"A bear exits an orange taxi and walks down a suburban avenue, passing glass offices and flower beds.",E:\bench\packed\miradata_traj\000000000404.1.006.npy,24,129,0.36683,0.321269,high,34.099029541015625,16.657477131049266,RealCam-Vid/train:MiraData9K/000000000/000000000404.1.006.mp4,"A character exits a yellow car and walks down a city street, passing modern buildings and greenery.","A yellow taxi with a '21' license plate is parked on a city street in a video game setting, surrounded by modern buildings and a green suv, with a tree and a bench nearby. two seconds later, the same taxi, now with a '217' license plate, is seen with its door open, revealing a passenger, against a backdrop of a green building and a city skyline under a clear blue sky. at the four-second mark, a character in a black shirt and green pants sprints towards the yellow taxi on an urban road, with a modern building and a pedestrian bridge in the background, under a clear sky."
000000000418.0.005,miradata,E:\bench\packed\miradata\000000000418.0.005,caption,"A range rover navigates through dense jungle terrain, surrounded by lush greenery and misty atmosphere.",E:\bench\packed\miradata_traj\000000000418.0.005.npy,24,84,0.280913,0.274687,high,36.90153884887695,21.10714144752124,RealCam-Vid/train:MiraData9K/000000000/000000000418.0.005.mp4,"A range rover navigates through dense jungle terrain, surrounded by lush greenery and misty atmosphere.","A black range rover is positioned on a dirt trail in a dense jungle, with a yellow '250' speed limit sign visible. the scene is part of a video game, indicated by the 'forza horizon 4' logo and a 'trail' icon, suggesting an off-road driving challenge. two seconds later, the same black suv, now identified with a 'v8' badge and a 'tiger' license plate, is seen on a narrow dirt path within the jungle. the surrounding dense foliage and misty atmosphere enhance the sense of adventure and seclusion, with a 'trail' icon indicating the game's off-road driving feature."
000000000418.0.005,miradata,E:\bench\packed\miradata\000000000418.0.005,subject,"A pickup truck navigates through a thick rainforest trail, surrounded by broad leaves and low fog.",E:\bench\packed\miradata_traj\000000000418.0.005.npy,24,84,0.280913,0.274687,high,36.90153884887695,21.10714144752124,RealCam-Vid/train:MiraData9K/000000000/000000000418.0.005.mp4,"A range rover navigates through dense jungle terrain, surrounded by lush greenery and misty atmosphere.","A black range rover is positioned on a dirt trail in a dense jungle, with a yellow '250' speed limit sign visible. the scene is part of a video game, indicated by the 'forza horizon 4' logo and a 'trail' icon, suggesting an off-road driving challenge. two seconds later, the same black suv, now identified with a 'v8' badge and a 'tiger' license plate, is seen on a narrow dirt path within the jungle. the surrounding dense foliage and misty atmosphere enhance the sense of adventure and seclusion, with a 'trail' icon indicating the game's off-road driving feature."
000000000431.5.009,miradata,E:\bench\packed\miradata\000000000431.5.009,caption,"A lone figure runs along a cobblestone path through a misty forest, with mountains in the distance.",E:\bench\packed\miradata_traj\000000000431.5.009.npy,24,129,0.17679,0.174524,mid,39.53361129760742,19.880296249017935,RealCam-Vid/train:MiraData9K/000000000/000000000431.5.009.mp4,"A lone figure runs along a cobblestone path through a misty forest, with mountains in the distance.","A character in dark armor with a hood and pointed ears walks along a cobblestone path in a serene, mountainous landscape under an overcast sky, suggesting a narrative of solitude and adventure. the scene is part of a video game, indicated by the 'skyrim' logo and a health bar at the bottom. as the character continues, the environment remains consistent, with the addition of a wooden signpost and a small structure in the distance, enhancing the sense of a journey through a fantasy world. the player's health and stamina bars are visible, along with a mini-map and hotbar, highlighting the game's interactive and immersive nature."
000000000431.5.009,miradata,E:\bench\packed\miradata\000000000431.5.009,subject,"A lone bear runs along a flagstone trail through a foggy pine forest, with hills in the distance.",E:\bench\packed\miradata_traj\000000000431.5.009.npy,24,129,0.17679,0.174524,mid,39.53361129760742,19.880296249017935,RealCam-Vid/train:MiraData9K/000000000/000000000431.5.009.mp4,"A lone figure runs along a cobblestone path through a misty forest, with mountains in the distance.","A character in dark armor with a hood and pointed ears walks along a cobblestone path in a serene, mountainous landscape under an overcast sky, suggesting a narrative of solitude and adventure. the scene is part of a video game, indicated by the 'skyrim' logo and a health bar at the bottom. as the character continues, the environment remains consistent, with the addition of a wooden signpost and a small structure in the distance, enhancing the sense of a journey through a fantasy world. the player's health and stamina bars are visible, along with a mini-map and hotbar, highlighting the game's interactive and immersive nature."
000000002376.4.008,miradata,E:\bench\packed\miradata\000000002376.4.008,caption,"A character explores a snowy landscape with a pickaxe, surrounded by icy terrain and evergreen trees.",E:\bench\packed\miradata_traj\000000002376.4.008.npy,24,129,0.520998,0.32354,high,21.84934425354004,16.094275540888695,RealCam-Vid/train:MiraData9K/000000002/000000002376.4.008.mp4,"A character explores a snowy landscape with a pickaxe, surrounded by icy terrain and evergreen trees.","A character in a white tank top and grey pants, with a black backpack and a pickaxe, stands on a reflective ice surface in a snowy landscape, looking towards a solitary house atop a hill under a starry sky. two seconds later, the same character, now in a green vest and brown pants, strides across the icy terrain with a pickaxe, surrounded by stylized evergreen trees and a solitary cabin atop a hill, under a sky with soft blue hues and scattered clouds. the scene is marked by the 'fortnite' logo, indicating the game's virtual world."
000000002376.4.008,miradata,E:\bench\packed\miradata\000000002376.4.008,subject,"A bear explores a frosted valley with a shovel, surrounded by snowdrifts and pine trees.",E:\bench\packed\miradata_traj\000000002376.4.008.npy,24,129,0.520998,0.32354,high,21.84934425354004,16.094275540888695,RealCam-Vid/train:MiraData9K/000000002/000000002376.4.008.mp4,"A character explores a snowy landscape with a pickaxe, surrounded by icy terrain and evergreen trees.","A character in a white tank top and grey pants, with a black backpack and a pickaxe, stands on a reflective ice surface in a snowy landscape, looking towards a solitary house atop a hill under a starry sky. two seconds later, the same character, now in a green vest and brown pants, strides across the icy terrain with a pickaxe, surrounded by stylized evergreen trees and a solitary cabin atop a hill, under a sky with soft blue hues and scattered clouds. the scene is marked by the 'fortnite' logo, indicating the game's virtual world."
